cif;name;address;city;type
18346875234;Layo;89012 Autumn Leaf Parkway;Jakarta;WHOLESALE
18752032720;Topdrive;83 Chive Pass;Surabaya;WHOLESALE
18806746420;Meetz;9411 Schmedeman Crossing;Bandung;WHOLESALE
20476940876;Vipe;4143 Daystar Terrace;Bekasi;WHOLESALE
19168353628;Buzzshare;6 Ohio Avenue;Medan;WHOLESALE
18009987428;Brainverse;48 Dryden Court;Tangerang;WHOLESALE
18201145186;Innotype;496 Stuart Point;Depok;WHOLESALE
18918759566;Linkbuzz;8385 Russell Court;Semarang;WHOLESALE
18190736050;Livepath;97376 Mcbride Parkway;Palembang;WHOLESALE
18748116058;Realcube;42334 Dayton Circle;South Tangerang;WHOLESALE
18590071152;Skiptube;31 Fordem Parkway;Makassar;WHOLESALE
18710757576;Brainlounge;6 Rowland Circle;Batam;WHOLESALE
18040555536;Jabbercube;06177 Sullivan Court;Bogor;WHOLESALE
18740415990;Twitterwire;24 Superior Road;Malang;WHOLESALE
18003509764;Kwideo;006 Almo Plaza;Padang;WHOLESALE
18058584536;Thoughtstorm;39 Thierer Drive;Bandar Lampung;WHOLESALE
18802196424;Quimba;7251 Sunnyside Parkway;Denpasar;WHOLESALE
18016833262;Realcube;7635 Garrison Place;Samarinda;WHOLESALE
18553908848;Quinu;19653 Pepper Wood Road;Pekanbaru;WHOLESALE
18299395760;Skyndu;01478 Ohio Pass;Jakarta;WHOLESALE
18036019494;Jamia;6 Moland Court;Surabaya;WHOLESALE
18747992292;Vidoo;1387 Bobwhite Hill;Bandung;WHOLESALE
18293746334;Quinu;9793 Saint Paul Street;Bekasi;WHOLESALE
18447538524;Devify;83 Chive Lane;Medan;WHOLESALE
19143976258;Brainverse;7 Meadow Ridge Circle;Tangerang;WHOLESALE
18774527766;Yakijo;4502 Schiller Parkway;Depok;WHOLESALE
18103987934;Twitternation;31 Lake View Drive;Semarang;WHOLESALE
18030571374;Fiveclub;060 Northview Center;Palembang;WHOLESALE
19493400474;Gabtune;5 Cascade Drive;South Tangerang;WHOLESALE
18364987480;Gigashots;40794 Mockingbird Circle;Makassar;WHOLESALE
18456217640;Skyvu;72 Paget Pass;Batam;WHOLESALE
18424987092;Jayo;02916 Ramsey Alley;Bogor;WHOLESALE
18276399142;Tagtune;79 Onsgard Place;Malang;WHOLESALE
18114361686;Feedmix;6722 Meadow Valley Point;Padang;WHOLESALE
18765971108;Twitterbridge;90590 Muir Road;Bandar Lampung;WHOLESALE
18038589736;Wikizz;98060 Dryden Drive;Denpasar;WHOLESALE
18176448484;Realpoint;4 Bobwhite Crossing;Samarinda;WHOLESALE
18590071404;Skipfire;66765 Dovetail Lane;Pekanbaru;WHOLESALE
18014681590;Photolist;4589 Mosinee Court;Jakarta;WHOLESALE
18104938500;Meetz;88 Superior Crossing;Surabaya;WHOLESALE
18884884044;Shuffletag;0685 Goodland Crossing;Bandung;WHOLESALE
19848735292;Centidel;46297 Knutson Alley;Bekasi;WHOLESALE
18014682424;Topicshots;07282 Brentwood Circle;Medan;WHOLESALE
18790140670;Zoomzone;52 Lawn Parkway;Tangerang;WHOLESALE
18019003322;Babbleblab;83 Bunker Hill Hill;Depok;WHOLESALE
18310407860;Feedmix;3 Surrey Circle;Semarang;WHOLESALE
18118481578;Kayveo;1 Waywood Way;Palembang;WHOLESALE
18056158516;Edgeclub;12 Dunning Street;South Tangerang;WHOLESALE
18032306136;Topiclounge;40346 Gerald Place;Makassar;WHOLESALE
18009990880;Dynabox;8272 Carpenter Street;Batam;WHOLESALE
18283401510;Jayo;800 Mcguire Center;Bogor;WHOLESALE
19511767008;Zoomdog;51339 Ludington Parkway;Malang;WHOLESALE
18150164714;Teklist;6018 Morningstar Place;Padang;WHOLESALE
18781617552;Youtags;751 Cordelia Drive;Bandar Lampung;WHOLESALE
18216828854;Voolith;025 Killdeer Lane;Denpasar;WHOLESALE
18097942104;Topiclounge;87 Forster Junction;Samarinda;WHOLESALE
18079272074;Skaboo;521 Debs Crossing;Pekanbaru;WHOLESALE
18025689010;Divape;6556 Reinke Drive;Jakarta;WHOLESALE
18014678426;JumpXS;267 Nancy Parkway;Surabaya;WHOLESALE
18322835572;Zoomdog;48 Mayfield Point;Bandung;WHOLESALE
18297588864;Cogilith;18327 Sage Junction;Bekasi;WHOLESALE
18750515930;Voolia;4411 Sycamore Road;Medan;WHOLESALE
18590070926;Divavu;9494 Clemons Hill;Tangerang;WHOLESALE
18036876332;Geba;50 Anzinger Trail;Depok;WHOLESALE
18150172656;Abatz;67 Eagle Crest Point;Semarang;WHOLESALE
18899105980;Zoovu;371 Fair Oaks Center;Palembang;WHOLESALE
18175058532;Dynazzy;6610 Nobel Lane;South Tangerang;WHOLESALE
18358502162;Innotype;9 Main Crossing;Makassar;WHOLESALE
18516311434;Plajo;35 Russell Circle;Batam;WHOLESALE
18309063020;Ooba;91300 Porter Drive;Bogor;WHOLESALE
18088702840;Photobug;2 Homewood Alley;Malang;WHOLESALE
18605185430;Midel;73 Stang Trail;Padang;WHOLESALE
18682897148;Oyondu;2952 Tennessee Trail;Bandar Lampung;WHOLESALE
18089565414;Jabbersphere;06023 Clove Street;Denpasar;WHOLESALE
20219748582;Ozu;22455 Sheridan Park;Samarinda;WHOLESALE
18590073432;Bubblebox;46183 Fairview Circle;Pekanbaru;WHOLESALE
18100859976;Oyonder;241 Meadow Vale Trail;Jakarta;WHOLESALE
18772144712;Quinu;08 6th Street;Surabaya;WHOLESALE
18188372342;Skipstorm;4006 Carpenter Way;Bandung;WHOLESALE
18003507572;Ailane;82 Westport Park;Bekasi;WHOLESALE
19412422058;Tagtune;8 Moose Road;Medan;WHOLESALE
18394061588;Realcube;77855 South Hill;Tangerang;WHOLESALE
18782457030;Devbug;753 Mayfield Plaza;Depok;WHOLESALE
19323418858;Judd Sargant;0 Eliot Avenue;Semarang;RETAIL
18187122040;Mame Hasson;7699 Service Alley;Palembang;RETAIL
18671292400;Loydie Bonavia;55 Talisman Court;South Tangerang;RETAIL
19818380400;Jermaine Botterell;47029 Armistice Court;Makassar;RETAIL
19619368408;Elisha Franzettoini;55 Daystar Parkway;Batam;RETAIL
18064084104;Haily Braikenridge;469 Almo Avenue;Bogor;RETAIL
18013390526;Pauly Shave;7 Pine View Point;Malang;RETAIL
18013670880;Gusty Beardsdale;297 Katie Crossing;Padang;RETAIL
19707984862;Sinclare Dabell;341 Corry Court;Bandar Lampung;RETAIL
19823893960;Earvin Van de Castele;0469 Sauthoff Street;Denpasar;RETAIL
18335349450;Tobiah Simenon;32 Coleman Drive;Samarinda;RETAIL
18419485882;Erich Honeyghan;570 Roth Trail;Pekanbaru;RETAIL
18798543370;Ailina Cowie;0212 Jenifer Road;Jakarta;RETAIL
20529349744;Katharyn Starr;3 Rigney Point;Surabaya;RETAIL
18324397820;Arty Morphet;3028 Scott Way;Bandung;RETAIL
19784965144;Wendall Westall;9429 Shoshone Crossing;Bekasi;RETAIL
19344351168;Cynthia Heijne;32 Golden Leaf Junction;Medan;RETAIL
19408606502;Oralla Sims;3 Hermina Avenue;Tangerang;RETAIL
18015349138;Brady Cattermull;8 Granby Parkway;Depok;RETAIL
19695678282;Morna Aitcheson;7711 Straubel Avenue;Semarang;RETAIL
19412990356;Ebeneser Cockerham;5042 Walton Drive;Palembang;RETAIL
19501775932;Teddie Poxton;884 Hintze Street;South Tangerang;RETAIL
19981665592;Rica Shelsher;7 Prairie Rose Junction;Makassar;RETAIL
19715121810;Alvan Grenfell;246 Kim Trail;Batam;RETAIL
18029632106;Norton Martinovic;91 Everett Alley;Bogor;RETAIL
20282270910;Dorey Whitehorn;033 Gale Court;Malang;RETAIL
19534659668;Isabelita Gallimore;14882 Del Mar Court;Padang;RETAIL
19571262510;Kameko Codd;6 Stephen Avenue;Bandar Lampung;RETAIL
20541454678;Adda Yeo;3 Golf Course Road;Denpasar;RETAIL
18089343922;Jsandye Iorizzi;555 Moland Avenue;Samarinda;RETAIL
20224906812;Annabella Brisker;70129 Johnson Alley;Pekanbaru;RETAIL
18592676752;Cleve Skryne;2031 Shasta Street;Jakarta;RETAIL
18205388248;Marianne Adamson;21 Di Loreto Terrace;Surabaya;RETAIL
18108174084;Fanchette Cicero;61815 Eagan Way;Bandung;RETAIL
19890691776;Idelle Vasler;3 Red Cloud Circle;Bekasi;RETAIL
19963959300;Arleyne Walcher;3782 Derek Avenue;Medan;RETAIL
18632961488;Emylee Peartree;830 Crest Line Pass;Tangerang;RETAIL
18810164008;Chrystal Eke;0207 Elgar Hill;Depok;RETAIL
18168109378;Bil Offen;56 Fulton Court;Semarang;RETAIL
18306414352;Haily Duthie;8 Vera Street;Palembang;RETAIL
18407590366;Travers Worsnop;3530 Gale Hill;South Tangerang;RETAIL
18000020162;Vittoria Shearstone;6933 American Ash Drive;Makassar;RETAIL
18109835762;Geoffrey Muncie;033 Corben Circle;Batam;RETAIL
18402318276;Dido Orehead;989 Ohio Drive;Bogor;RETAIL
18836441352;Eolande Curds;40212 Cambridge Place;Malang;RETAIL
18254204896;Marchall Gainsford;533 Brentwood Pass;Padang;RETAIL
18815736146;Shaw Borsay;8 Talisman Way;Bandar Lampung;RETAIL
18595741052;Rani Ollander;693 Anderson Road;Denpasar;RETAIL
18808785734;Ryon Dene;03745 Buhler Road;Samarinda;RETAIL
19495195770;Tatiana Fawson;902 Mesta Place;Pekanbaru;RETAIL
19822474816;Bill Lacy;25 Mallard Street;Jakarta;RETAIL
